{"lr": 6.507e-05, "data_time": 0.013521146774291993, "loss": 0.689780980348587, "decode.loss_ce": 0.689780980348587, "decode.acc_seg": 54.152584075927734, "time": 0.3598146915435791, "iter": 14, "memory": 18987, "step": 14}
{"lr": 0.0002452499999999997, "data_time": 4.334999418258667, "loss": 0.583715945482254, "decode.loss_ce": 0.583715945482254, "decode.acc_seg": 94.6159439086914, "time": 4.686917042732238, "iter": 50, "memory": 16850, "step": 50}
{"lr": 0.0004955000000000002, "data_time": 4.311968183517456, "loss": 0.16229352802038194, "decode.loss_ce": 0.16229352802038194, "decode.acc_seg": 95.63385772705078, "time": 4.661204695701599, "iter": 100, "memory": 16850, "step": 100}
{"lr": 0.0007457500000000005, "data_time": 4.292891311645508, "loss": 0.1379752852022648, "decode.loss_ce": 0.1379752852022648, "decode.acc_seg": 95.54232788085938, "time": 4.642493844032288, "iter": 150, "memory": 16850, "step": 150}
{"lr": 0.0009960000000000008, "data_time": 4.158032345771789, "loss": 0.09659438878297806, "decode.loss_ce": 0.09659438878297806, "decode.acc_seg": 96.62052917480469, "time": 4.493651175498963, "iter": 200, "memory": 16850, "step": 200}
{"lr": 0.0012462500000000015, "data_time": 4.256809234619141, "loss": 0.07802928872406482, "decode.loss_ce": 0.07802928872406482, "decode.acc_seg": 97.05926513671875, "time": 4.604895234107971, "iter": 250, "memory": 16850, "step": 250}
{"lr": 0.001496500000000002, "data_time": 0.020961475372314454, "loss": 0.06986393630504609, "decode.loss_ce": 0.06986393630504609, "decode.acc_seg": 98.69060516357422, "time": 0.36793901920318606, "iter": 300, "memory": 16850, "step": 300}
{"lr": 0.0017467500000000022, "data_time": 0.026987767219543456, "loss": 0.06318298876285552, "decode.loss_ce": 0.06318298876285552, "decode.acc_seg": 97.91358947753906, "time": 0.3690870523452759, "iter": 350, "memory": 16850, "step": 350}
{"lr": 0.001997000000000002, "data_time": 0.019243550300598145, "loss": 0.053388135880231856, "decode.loss_ce": 0.053388135880231856, "decode.acc_seg": 98.75968170166016, "time": 0.366546106338501, "iter": 400, "memory": 16850, "step": 400}
{"lr": 0.002247250000000001, "data_time": 3.912292146682739, "loss": 0.06001836657524109, "decode.loss_ce": 0.06001836657524109, "decode.acc_seg": 98.06407928466797, "time": 4.2558743238449095, "iter": 450, "memory": 16850, "step": 450}
{"lr": 0.0024975000000000036, "data_time": 3.7788981437683105, "loss": 0.050631771236658095, "decode.loss_ce": 0.050631771236658095, "decode.acc_seg": 97.7579574584961, "time": 4.128634238243103, "iter": 500, "memory": 16850, "step": 500}
{"lr": 0.002747750000000005, "data_time": 4.438204121589661, "loss": 0.04287409707903862, "decode.loss_ce": 0.04287409707903862, "decode.acc_seg": 98.2245864868164, "time": 4.790393948554993, "iter": 550, "memory": 16850, "step": 550}
{"lr": 0.0029980000000000054, "data_time": 4.046050977706909, "loss": 0.04437487460672855, "decode.loss_ce": 0.04437487460672855, "decode.acc_seg": 97.82561492919922, "time": 4.395474433898926, "iter": 600, "memory": 16850, "step": 600}
{"lr": 0.0032482500000000046, "data_time": 3.768013095855713, "loss": 0.04345613867044449, "decode.loss_ce": 0.04345613867044449, "decode.acc_seg": 98.21566772460938, "time": 4.106613540649414, "iter": 650, "memory": 16850, "step": 650}
{"lr": 0.0034985000000000055, "data_time": 0.5508728265762329, "loss": 0.04534633234143257, "decode.loss_ce": 0.04534633234143257, "decode.acc_seg": 98.26311492919922, "time": 0.8957934141159057, "iter": 700, "memory": 16850, "step": 700}
{"lr": 0.003748750000000005, "data_time": 0.7981497764587402, "loss": 0.04592418111860752, "decode.loss_ce": 0.04592418111860752, "decode.acc_seg": 98.23554992675781, "time": 1.1466910362243652, "iter": 750, "memory": 16850, "step": 750}
{"lr": 0.003999000000000007, "data_time": 0.018920087814331056, "loss": 0.040460579097270966, "decode.loss_ce": 0.040460579097270966, "decode.acc_seg": 97.34162139892578, "time": 0.3667194366455078, "iter": 800, "memory": 16850, "step": 800}
{"lr": 0.004249250000000004, "data_time": 3.1889692544937134, "loss": 0.041655331291258334, "decode.loss_ce": 0.041655331291258334, "decode.acc_seg": 98.41771697998047, "time": 3.538791847229004, "iter": 850, "memory": 16850, "step": 850}
{"lr": 0.004499500000000008, "data_time": 3.167419266700745, "loss": 0.04279526676982641, "decode.loss_ce": 0.04279526676982641, "decode.acc_seg": 98.44811248779297, "time": 3.517045783996582, "iter": 900, "memory": 16850, "step": 900}
{"lr": 0.00474975000000001, "data_time": 4.233476400375366, "loss": 0.05031145848333836, "decode.loss_ce": 0.05031145848333836, "decode.acc_seg": 98.33453369140625, "time": 4.569583940505981, "iter": 950, "memory": 16850, "step": 950}
{"lr": 0.005000000000000013, "data_time": 4.18063976764679, "loss": 0.03418834712356329, "decode.loss_ce": 0.03418834712356329, "decode.acc_seg": 98.69822692871094, "time": 4.521404886245728, "iter": 1000, "memory": 16850, "step": 1000}
