{"lr": 6.507e-05, "data_time": 0.029393911361694336, "loss": 0.685582959651947, "decode.loss_ce": 0.685582959651947, "decode.acc_seg": 58.04248046875, "time": 0.4179102659225464, "iter": 14, "memory": 22671, "step": 14}
{"lr": 0.0002452499999999997, "data_time": 4.358860874176026, "loss": 0.5144153475761414, "decode.loss_ce": 0.5144153475761414, "decode.acc_seg": 95.52918243408203, "time": 4.749418449401856, "iter": 50, "memory": 20542, "step": 50}
{"lr": 0.0004955000000000002, "data_time": 4.350075149536133, "loss": 0.13980311080813407, "decode.loss_ce": 0.13980311080813407, "decode.acc_seg": 92.25688934326172, "time": 4.733304977416992, "iter": 100, "memory": 20542, "step": 100}
{"lr": 0.0007457500000000005, "data_time": 4.161148643493652, "loss": 0.11148579567670822, "decode.loss_ce": 0.11148579567670822, "decode.acc_seg": 95.67533111572266, "time": 4.5497962474823, "iter": 150, "memory": 20542, "step": 150}
{"lr": 0.0009960000000000008, "data_time": 4.325637984275818, "loss": 0.08668029494583607, "decode.loss_ce": 0.08668029494583607, "decode.acc_seg": 96.82646942138672, "time": 4.716688394546509, "iter": 200, "memory": 20542, "step": 200}
{"lr": 0.0012462500000000015, "data_time": 4.176730608940124, "loss": 0.07415857501327991, "decode.loss_ce": 0.07415857501327991, "decode.acc_seg": 97.65067291259766, "time": 4.566070199012756, "iter": 250, "memory": 20542, "step": 250}
{"lr": 0.001496500000000002, "data_time": 0.09441490173339843, "loss": 0.06279159039258957, "decode.loss_ce": 0.06279159039258957, "decode.acc_seg": 97.22349548339844, "time": 0.4669437646865845, "iter": 300, "memory": 20542, "step": 300}
{"lr": 0.0017467500000000022, "data_time": 0.5119277715682984, "loss": 0.054964210093021396, "decode.loss_ce": 0.054964210093021396, "decode.acc_seg": 97.3599853515625, "time": 0.884236216545105, "iter": 350, "memory": 20542, "step": 350}
{"lr": 0.001997000000000002, "data_time": 0.31086101531982424, "loss": 0.04888379462063312, "decode.loss_ce": 0.04888379462063312, "decode.acc_seg": 98.48182678222656, "time": 0.6829406499862671, "iter": 400, "memory": 20542, "step": 400}
{"lr": 0.002247250000000001, "data_time": 3.875604486465454, "loss": 0.04815742708742619, "decode.loss_ce": 0.04815742708742619, "decode.acc_seg": 98.6622314453125, "time": 4.265749621391296, "iter": 450, "memory": 20542, "step": 450}
{"lr": 0.0024975000000000036, "data_time": 3.867041897773743, "loss": 0.04897680189460516, "decode.loss_ce": 0.04897680189460516, "decode.acc_seg": 98.14190673828125, "time": 4.255121898651123, "iter": 500, "memory": 20542, "step": 500}
{"lr": 0.002747750000000005, "data_time": 3.7834752559661866, "loss": 0.04656886048614979, "decode.loss_ce": 0.04656886048614979, "decode.acc_seg": 98.66482543945312, "time": 4.176659440994262, "iter": 550, "memory": 20542, "step": 550}
{"lr": 0.0029980000000000054, "data_time": 4.167733430862427, "loss": 0.049210434034466746, "decode.loss_ce": 0.049210434034466746, "decode.acc_seg": 98.03182220458984, "time": 4.557932376861572, "iter": 600, "memory": 20542, "step": 600}
{"lr": 0.0032482500000000046, "data_time": 4.243695592880249, "loss": 0.042823406681418416, "decode.loss_ce": 0.042823406681418416, "decode.acc_seg": 98.0794677734375, "time": 4.63264753818512, "iter": 650, "memory": 20542, "step": 650}
