{"lr": 0.0002452499999999997, "data_time": 0.04634048938751221, "loss": 0.6120076417922974, "decode.loss_ce": 0.6120076417922974, "decode.acc_seg": 96.07658386230469, "time": 0.10407533645629882, "iter": 50, "memory": 4817, "step": 50}
{"lr": 0.0004955000000000002, "data_time": 0.02772631645202637, "loss": 0.2499548852443695, "decode.loss_ce": 0.2499548852443695, "decode.acc_seg": 97.67417907714844, "time": 0.07703781127929688, "iter": 100, "memory": 844, "step": 100}
{"lr": 0.0007457500000000005, "data_time": 0.06889567375183106, "loss": 0.13799832984805108, "decode.loss_ce": 0.13799832984805108, "decode.acc_seg": 100.0, "time": 0.12536633014678955, "iter": 150, "memory": 844, "step": 150}
{"lr": 0.0009960000000000008, "data_time": 0.030960869789123536, "loss": 0.09111929945647716, "decode.loss_ce": 0.09111929945647716, "decode.acc_seg": 100.0, "time": 0.08479259014129639, "iter": 200, "memory": 844, "step": 200}
{"lr": 0.0012462500000000015, "data_time": 0.05312855243682861, "loss": 0.2232306681573391, "decode.loss_ce": 0.2232306681573391, "decode.acc_seg": 93.04924011230469, "time": 0.10657002925872802, "iter": 250, "memory": 844, "step": 250}
