{"lr": 6.507e-05, "data_time": 0.014286375045776368, "loss": 0.6890081703662873, "decode.loss_ce": 0.6890081703662873, "decode.acc_seg": 55.6808967590332, "time": 0.35662131309509276, "iter": 14, "memory": 18795, "step": 14}
{"lr": 0.0002452499999999997, "data_time": 4.229886174201965, "loss": 0.5842164576053619, "decode.loss_ce": 0.5842164576053619, "decode.acc_seg": 94.85847473144531, "time": 4.577230644226074, "iter": 50, "memory": 16657, "step": 50}
